{
	"credit": "Made with Blockbench",
	"textures": {
		"0": "item/custom/diamond_hoe/clues/red_headband",
		"particle": "item/custom/diamond_hoe/clues/red_headband"
	},
	"elements": [
		{
			"from": [11.944, 0.745, 4.06113],
			"to": [12.72, 1.305, 11.93887],
			"rotation": {"angle": 0, "axis": "z", "origin": [8, 3.665, 8]},
			"faces": {
				"north": {"uv": [4.75, 9.125, 10.75, 10.25], "rotation": 90, "texture": "#0"},
				"east": {"uv": [4.75, 9.125, 10.75, 10.25], "rotation": 90, "texture": "#0"},
				"south": {"uv": [4.75, 9.125, 10.75, 10.25], "rotation": 90, "texture": "#0"},
				"west": {"uv": [4.75, 9.125, 10.75, 10.25], "rotation": 90, "texture": "#0"},
				"up": {"uv": [4.75, 9.125, 10.75, 10.25], "rotation": 90, "texture": "#0"},
				"down": {"uv": [4.75, 9.125, 10.75, 10.25], "rotation": 90, "texture": "#0"}
			}
		},
		{
			"from": [3.28, 0.745, 4.06113],
			"to": [4.056, 1.305, 11.93887],
			"rotation": {"angle": 0, "axis": "z", "origin": [8, 3.665, 8]},
			"faces": {
				"north": {"uv": [4.75, 9.125, 10.75, 10.25], "rotation": 90, "texture": "#0"},
				"east": {"uv": [4.75, 9.125, 10.75, 10.25], "rotation": 90, "texture": "#0"},
				"south": {"uv": [4.75, 9.125, 10.75, 10.25], "rotation": 90, "texture": "#0"},
				"west": {"uv": [4.75, 9.125, 10.75, 10.25], "rotation": 90, "texture": "#0"},
				"up": {"uv": [4.75, 9.125, 10.75, 10.25], "rotation": 90, "texture": "#0"},
				"down": {"uv": [4.75, 9.125, 10.75, 10.25], "rotation": 90, "texture": "#0"}
			}
		},
		{
			"from": [4.06113, 0.745, 3.28],
			"to": [11.93887, 1.305, 4.056],
			"rotation": {"angle": 0, "axis": "z", "origin": [8, 3.665, 8]},
			"faces": {
				"north": {"uv": [4.75, 9.125, 10.75, 10.25], "rotation": 90, "texture": "#0"},
				"east": {"uv": [4.75, 9.125, 10.75, 10.25], "rotation": 90, "texture": "#0"},
				"south": {"uv": [4.75, 9.125, 10.75, 10.25], "rotation": 90, "texture": "#0"},
				"west": {"uv": [4.75, 9.125, 10.75, 10.25], "rotation": 90, "texture": "#0"},
				"up": {"uv": [4.75, 9.125, 10.75, 10.25], "rotation": 90, "texture": "#0"},
				"down": {"uv": [4.75, 9.125, 10.75, 10.25], "rotation": 90, "texture": "#0"}
			}
		},
		{
			"from": [3.3863, 0.745, 3.47668],
			"to": [4.46403, 1.305, 4.25268],
			"rotation": {"angle": 45, "axis": "y", "origin": [4.02517, 1.025, 3.86468]},
			"faces": {
				"north": {"uv": [4.75, 9.125, 10.75, 10.25], "rotation": 90, "texture": "#0"},
				"east": {"uv": [4.75, 9.125, 10.75, 10.25], "rotation": 90, "texture": "#0"},
				"south": {"uv": [4.75, 9.125, 10.75, 10.25], "rotation": 90, "texture": "#0"},
				"west": {"uv": [4.75, 9.125, 10.75, 10.25], "rotation": 90, "texture": "#0"},
				"up": {"uv": [4.75, 9.125, 10.75, 10.25], "rotation": 90, "texture": "#0"},
				"down": {"uv": [4.75, 9.125, 10.75, 10.25], "rotation": 90, "texture": "#0"}
			}
		},
		{
			"from": [11.53597, 0.745, 3.47668],
			"to": [12.6137, 1.305, 4.25268],
			"rotation": {"angle": -45, "axis": "y", "origin": [11.97483, 1.025, 3.86468]},
			"faces": {
				"north": {"uv": [4.75, 10.25, 10.75, 9.125], "rotation": 90, "texture": "#0"},
				"east": {"uv": [4.75, 10.25, 10.75, 9.125], "rotation": 90, "texture": "#0"},
				"south": {"uv": [4.75, 10.25, 10.75, 9.125], "rotation": 90, "texture": "#0"},
				"west": {"uv": [4.75, 10.25, 10.75, 9.125], "rotation": 90, "texture": "#0"},
				"up": {"uv": [4.75, 10.25, 10.75, 9.125], "rotation": 90, "texture": "#0"},
				"down": {"uv": [4.75, 10.25, 10.75, 9.125], "rotation": 90, "texture": "#0"}
			}
		},
		{
			"from": [11.53597, 0.745, 11.74732],
			"to": [12.6137, 1.305, 12.52332],
			"rotation": {"angle": 45, "axis": "y", "origin": [11.97483, 1.025, 12.13532]},
			"faces": {
				"north": {"uv": [4.75, 9.125, 10.75, 10.25], "rotation": 90, "texture": "#0"},
				"east": {"uv": [4.75, 9.125, 10.75, 10.25], "rotation": 90, "texture": "#0"},
				"south": {"uv": [4.75, 9.125, 10.75, 10.25], "rotation": 90, "texture": "#0"},
				"west": {"uv": [4.75, 9.125, 10.75, 10.25], "rotation": 90, "texture": "#0"},
				"up": {"uv": [10.75, 10.25, 4.75, 9.125], "rotation": 90, "texture": "#0"},
				"down": {"uv": [10.75, 10.25, 4.75, 9.125], "rotation": 90, "texture": "#0"}
			}
		},
		{
			"from": [3.3863, 0.745, 11.74732],
			"to": [4.46403, 1.305, 12.52332],
			"rotation": {"angle": -45, "axis": "y", "origin": [4.02517, 1.025, 12.13532]},
			"faces": {
				"north": {"uv": [4.75, 10.25, 10.75, 9.125], "rotation": 90, "texture": "#0"},
				"east": {"uv": [4.75, 10.25, 10.75, 9.125], "rotation": 90, "texture": "#0"},
				"south": {"uv": [4.75, 10.25, 10.75, 9.125], "rotation": 90, "texture": "#0"},
				"west": {"uv": [4.75, 10.25, 10.75, 9.125], "rotation": 90, "texture": "#0"},
				"up": {"uv": [10.75, 9.125, 4.75, 10.25], "rotation": 90, "texture": "#0"},
				"down": {"uv": [10.75, 9.125, 4.75, 10.25], "rotation": 90, "texture": "#0"}
			}
		},
		{
			"from": [4.06113, 0.745, 11.944],
			"to": [11.93887, 1.305, 12.72],
			"rotation": {"angle": 0, "axis": "z", "origin": [8, 3.665, 8]},
			"faces": {
				"north": {"uv": [4.75, 9.125, 10.75, 10.25], "rotation": 90, "texture": "#0"},
				"east": {"uv": [4.75, 9.125, 10.75, 10.25], "rotation": 90, "texture": "#0"},
				"south": {"uv": [4.75, 9.125, 10.75, 10.25], "rotation": 90, "texture": "#0"},
				"west": {"uv": [4.75, 9.125, 10.75, 10.25], "rotation": 90, "texture": "#0"},
				"up": {"uv": [4.75, 9.125, 10.75, 10.25], "rotation": 90, "texture": "#0"},
				"down": {"uv": [4.75, 9.125, 10.75, 10.25], "rotation": 90, "texture": "#0"}
			}
		}
	],
	"display": {
		"thirdperson_righthand": {
			"rotation": [41.5, 2.25, 93.25],
			"translation": [-7.25, 1.5, 0]
		},
		"thirdperson_lefthand": {
			"rotation": [41.5, 2.25, 93.25],
			"translation": [-7.25, 1.5, 0]
		},
		"firstperson_righthand": {
			"translation": [0, 10.5, 0]
		},
		"firstperson_lefthand": {
			"translation": [0, 10.5, 0]
		},
		"gui": {
			"rotation": [-23.75, -45.25, 0],
			"translation": [0, 4.5, 0]
		},
		"head": {
			"translation": [0, 18.25, 0],
			"scale": [1.63086, 2, 1.63086]
		}
	}
}