{
	"credit": "Made by Endersven",
	"textures": {
		"1": "custom/cabage_leaf",
		"particle": "custom/colors/green"
	},
	"elements": [
		{
			"from": [6.77595, 2.76139, 3.33719],
			"to": [8.88797, 2.76139, 5.76699],
			"rotation": {"angle": 22.5, "axis": "x", "origin": [7.87419, 2.93035, 3.40155]},
			"faces": {
				"north": {"uv": [0.2, 0, 15.95, 6.375], "rotation": 90, "texture": "#1"},
				"east": {"uv": [0.2, 0, 15.95, 6.375], "rotation": 90, "texture": "#1"},
				"south": {"uv": [0.2, 0, 15.95, 6.375], "rotation": 90, "texture": "#1"},
				"west": {"uv": [0.2, 0, 15.95, 6.375], "rotation": 90, "texture": "#1"},
				"up": {"uv": [0.2, 0, 15.95, 6.375], "texture": "#1"},
				"down": {"uv": [0.2, 0, 15.95, 6.375], "rotation": 180, "texture": "#1"}
			}
		},
		{
			"from": [6.79157, 2.76139, 9.6808],
			"to": [8.90359, 2.76139, 12.11061],
			"rotation": {"angle": -22.5, "axis": "x", "origin": [7.80535, 2.93035, 12.04624]},
			"faces": {
				"north": {"uv": [0.2, 0, 15.95, 6.375], "rotation": 90, "texture": "#1"},
				"east": {"uv": [0.2, 0, 15.95, 6.375], "rotation": 90, "texture": "#1"},
				"south": {"uv": [0.2, 0, 15.95, 6.375], "rotation": 90, "texture": "#1"},
				"west": {"uv": [0.2, 0, 15.95, 6.375], "rotation": 90, "texture": "#1"},
				"up": {"uv": [0.2, 0, 15.95, 6.375], "rotation": 180, "texture": "#1"},
				"down": {"uv": [0.2, 0, 15.95, 6.375], "texture": "#1"}
			}
		},
		{
			"from": [6.79157, 0.94047, 10.00776],
			"to": [8.90359, 0.94047, 12.43756],
			"rotation": {"angle": 0, "axis": "x", "origin": [7.84758, 0.71366, 10.06765]},
			"faces": {
				"north": {"uv": [0.2, 0, 15.95, 6.375], "rotation": 90, "texture": "#1"},
				"east": {"uv": [0.2, 0, 15.95, 6.375], "rotation": 90, "texture": "#1"},
				"south": {"uv": [0.2, 0, 15.95, 6.375], "rotation": 90, "texture": "#1"},
				"west": {"uv": [0.2, 0, 15.95, 6.375], "rotation": 90, "texture": "#1"},
				"up": {"uv": [0.2, 0, 15.95, 6.375], "rotation": 180, "texture": "#1"},
				"down": {"uv": [0.2, 0, 15.95, 6.375], "texture": "#1"}
			}
		},
		{
			"from": [2.80579, 0.94047, 6.88664],
			"to": [5.2356, 0.94047, 8.99865],
			"rotation": {"angle": 0, "axis": "x", "origin": [5.17571, 0.71366, 7.94265]},
			"faces": {
				"north": {"uv": [0.2, 0, 15.95, 6.375], "rotation": 90, "texture": "#1"},
				"east": {"uv": [0.2, 0, 15.95, 6.375], "rotation": 90, "texture": "#1"},
				"south": {"uv": [0.2, 0, 15.95, 6.375], "rotation": 90, "texture": "#1"},
				"west": {"uv": [0.2, 0, 15.95, 6.375], "rotation": 90, "texture": "#1"},
				"up": {"uv": [0.2, 0, 15.95, 6.375], "rotation": 270, "texture": "#1"},
				"down": {"uv": [0.2, 0, 15.95, 6.375], "rotation": 270, "texture": "#1"}
			}
		},
		{
			"from": [6.85407, 0.94047, 2.94773],
			"to": [8.96609, 0.94047, 5.37754],
			"rotation": {"angle": 0, "axis": "x", "origin": [7.91008, 0.71366, 5.31765]},
			"faces": {
				"north": {"uv": [0.2, 0, 15.95, 6.375], "rotation": 90, "texture": "#1"},
				"east": {"uv": [0.2, 0, 15.95, 6.375], "rotation": 90, "texture": "#1"},
				"south": {"uv": [0.2, 0, 15.95, 6.375], "rotation": 90, "texture": "#1"},
				"west": {"uv": [0.2, 0, 15.95, 6.375], "rotation": 90, "texture": "#1"},
				"up": {"uv": [0.2, 0, 15.95, 6.375], "texture": "#1"},
				"down": {"uv": [0.2, 0, 15.95, 6.375], "rotation": 180, "texture": "#1"}
			}
		},
		{
			"from": [10.39707, 0.94047, 6.68351],
			"to": [12.82687, 0.94047, 8.79553],
			"rotation": {"angle": 0, "axis": "x", "origin": [10.45696, 0.71366, 7.73952]},
			"faces": {
				"north": {"uv": [0.2, 0, 15.95, 6.375], "rotation": 90, "texture": "#1"},
				"east": {"uv": [0.2, 0, 15.95, 6.375], "rotation": 90, "texture": "#1"},
				"south": {"uv": [0.2, 0, 15.95, 6.375], "rotation": 90, "texture": "#1"},
				"west": {"uv": [0.2, 0, 15.95, 6.375], "rotation": 90, "texture": "#1"},
				"up": {"uv": [0.2, 0, 15.95, 6.375], "rotation": 90, "texture": "#1"},
				"down": {"uv": [0.2, 0, 15.95, 6.375], "rotation": 90, "texture": "#1"}
			}
		},
		{
			"from": [10.13144, 1.90922, 6.58976],
			"to": [12.56125, 1.90922, 8.70178],
			"rotation": {"angle": 22.5, "axis": "z", "origin": [10.19133, 1.68241, 7.64577]},
			"faces": {
				"north": {"uv": [0.2, 0, 15.95, 6.375], "rotation": 90, "texture": "#1"},
				"east": {"uv": [0.2, 0, 15.95, 6.375], "rotation": 90, "texture": "#1"},
				"south": {"uv": [0.2, 0, 15.95, 6.375], "rotation": 90, "texture": "#1"},
				"west": {"uv": [0.2, 0, 15.95, 6.375], "rotation": 90, "texture": "#1"},
				"up": {"uv": [0.2, 0, 15.95, 6.375], "rotation": 90, "texture": "#1"},
				"down": {"uv": [0.2, 0, 15.95, 6.375], "rotation": 90, "texture": "#1"}
			}
		},
		{
			"from": [3.11829, 1.90922, 6.74601],
			"to": [5.5481, 1.90922, 8.85803],
			"rotation": {"angle": -22.5, "axis": "z", "origin": [5.48821, 1.68241, 7.80202]},
			"faces": {
				"north": {"uv": [0.2, 0, 15.95, 6.375], "rotation": 90, "texture": "#1"},
				"east": {"uv": [0.2, 0, 15.95, 6.375], "rotation": 90, "texture": "#1"},
				"south": {"uv": [0.2, 0, 15.95, 6.375], "rotation": 90, "texture": "#1"},
				"west": {"uv": [0.2, 0, 15.95, 6.375], "rotation": 90, "texture": "#1"},
				"up": {"uv": [0.2, 0, 15.95, 6.375], "rotation": 270, "texture": "#1"},
				"down": {"uv": [0.2, 0, 15.95, 6.375], "rotation": 270, "texture": "#1"}
			}
		},
		{
			"from": [6.77595, -0.53069, 5.11436],
			"to": [8.88797, 1.84006, 5.11436],
			"rotation": {"angle": -45, "axis": "x", "origin": [7.87419, 2.34692, 5.28332]},
			"faces": {
				"north": {"uv": [0.25, 6.25, 16, 15.975], "texture": "#1"},
				"east": {"uv": [0.25, 6.25, 16, 15.975], "texture": "#1"},
				"south": {"uv": [0.25, 6.25, 16, 15.975], "texture": "#1"},
				"west": {"uv": [0.25, 6.25, 16, 15.975], "texture": "#1"},
				"up": {"uv": [0.25, 6.25, 16, 15.975], "rotation": 270, "texture": "#1"},
				"down": {"uv": [0.25, 6.25, 16, 15.975], "rotation": 90, "texture": "#1"}
			}
		},
		{
			"from": [6.79157, -0.53069, 10.33343],
			"to": [8.90359, 1.84006, 10.33343],
			"rotation": {"angle": 45, "axis": "x", "origin": [7.80535, 2.34692, 10.16447]},
			"faces": {
				"north": {"uv": [0.25, 6.25, 16, 15.975], "texture": "#1"},
				"east": {"uv": [0.25, 6.25, 16, 15.975], "texture": "#1"},
				"south": {"uv": [0.25, 6.25, 16, 15.975], "texture": "#1"},
				"west": {"uv": [0.25, 6.25, 16, 15.975], "texture": "#1"},
				"up": {"uv": [0.25, 6.25, 16, 15.975], "rotation": 90, "texture": "#1"},
				"down": {"uv": [0.25, 6.25, 16, 15.975], "rotation": 270, "texture": "#1"}
			}
		},
		{
			"from": [6.79157, 0.94611, 7.72838],
			"to": [8.90359, 0.94611, 10.09913],
			"rotation": {"angle": -22.5, "axis": "x", "origin": [7.84758, 0.71366, 10.06765]},
			"faces": {
				"north": {"uv": [0.25, 6.25, 16, 15.975], "rotation": 90, "texture": "#1"},
				"east": {"uv": [0.25, 6.25, 16, 15.975], "rotation": 270, "texture": "#1"},
				"south": {"uv": [0.25, 6.25, 16, 15.975], "rotation": 90, "texture": "#1"},
				"west": {"uv": [0.25, 6.25, 16, 15.975], "rotation": 90, "texture": "#1"},
				"up": {"uv": [0.25, 6.25, 16, 15.975], "rotation": 180, "texture": "#1"},
				"down": {"uv": [0.25, 6.25, 16, 15.975], "texture": "#1"}
			}
		},
		{
			"from": [5.14422, 0.94611, 6.88664],
			"to": [7.51497, 0.94611, 8.99865],
			"rotation": {"angle": -22.5, "axis": "z", "origin": [5.17571, 0.71366, 7.94265]},
			"faces": {
				"north": {"uv": [0.25, 6.25, 16, 15.975], "rotation": 90, "texture": "#1"},
				"east": {"uv": [0.25, 6.25, 16, 15.975], "rotation": 90, "texture": "#1"},
				"south": {"uv": [0.25, 6.25, 16, 15.975], "rotation": 270, "texture": "#1"},
				"west": {"uv": [0.25, 6.25, 16, 15.975], "rotation": 90, "texture": "#1"},
				"up": {"uv": [0.25, 6.25, 16, 15.975], "rotation": 270, "texture": "#1"},
				"down": {"uv": [0.25, 6.25, 16, 15.975], "rotation": 270, "texture": "#1"}
			}
		},
		{
			"from": [6.85407, 0.94611, 5.28616],
			"to": [8.96609, 0.94611, 7.65691],
			"rotation": {"angle": 22.5, "axis": "x", "origin": [7.91008, 0.71366, 5.31765]},