{
	"credit": "Made by EnderSven",
	"textures": {
		"0": "custom/cabage_leaf",
		"particle": "custom/cabage_leaf"
	},
	"elements": [
		{
			"from": [6.44399, 4.54267, 6.77465],
			"to": [8.55601, 4.54267, 8.59852],
			"rotation": {"angle": 0, "axis": "y", "origin": [7.5, 4.54267, 7.68658]},
			"faces": {
				"north": {"uv": [0.25, 6.25, 16, 15.975], "rotation": 90, "texture": "#0"},
				"east": {"uv": [0.25, 6.25, 16, 15.975], "rotation": 270, "texture": "#0"},
				"south": {"uv": [0.25, 6.25, 16, 15.975], "rotation": 90, "texture": "#0"},
				"west": {"uv": [0.25, 6.25, 16, 15.975], "rotation": 90, "texture": "#0"},
				"up": {"uv": [0.25, 6.25, 16, 15.975], "rotation": 180, "texture": "#0"},
				"down": {"uv": [0.25, 6.25, 16, 15.975], "texture": "#0"}
			}
		},
		{
			"from": [6.44399, 4.54267, 8.59852],
			"to": [8.556, 4.54267, 11.02832],
			"rotation": {"angle": 0, "axis": "y", "origin": [7.5, 4.54267, 9.81342]},
			"faces": {
				"north": {"uv": [0.2, 0, 15.95, 6.375], "rotation": 90, "texture": "#0"},
				"east": {"uv": [0.2, 0, 15.95, 6.375], "rotation": 90, "texture": "#0"},
				"south": {"uv": [0.2, 0, 15.95, 6.375], "rotation": 90, "texture": "#0"},
				"west": {"uv": [0.2, 0, 15.95, 6.375], "rotation": 90, "texture": "#0"},
				"up": {"uv": [0.2, 0, 15.95, 6.375], "rotation": 180, "texture": "#0"},
				"down": {"uv": [0.2, 0, 15.95, 6.375], "texture": "#0"}
			}
		},
		{
			"from": [6.52465, 4.64267, 6.19399],
			"to": [8.34852, 4.64267, 8.30601],
			"rotation": {"angle": 0, "axis": "y", "origin": [8.5, 4.64267, 7.25]},
			"faces": {
				"north": {"uv": [0.25, 6.25, 16, 15.975], "rotation": 270, "texture": "#0"},
				"east": {"uv": [0.25, 6.25, 16, 15.975], "rotation": 90, "texture": "#0"},
				"south": {"uv": [0.25, 6.25, 16, 15.975], "rotation": 90, "texture": "#0"},
				"west": {"uv": [0.25, 6.25, 16, 15.975], "rotation": 90, "texture": "#0"},
				"up": {"uv": [0.25, 6.25, 16, 15.975], "rotation": 90, "texture": "#0"},
				"down": {"uv": [0.25, 6.25, 16, 15.975], "rotation": 90, "texture": "#0"}
			}
		},
		{
			"from": [8.34852, 4.64267, 6.194],
			"to": [10.77832, 4.64267, 8.30601],
			"rotation": {"angle": 0, "axis": "y", "origin": [8.5, 4.64267, 7.25]},
			"faces": {
				"north": {"uv": [0.2, 0, 15.95, 6.375], "rotation": 90, "texture": "#0"},
				"east": {"uv": [0.2, 0, 15.95, 6.375], "rotation": 90, "texture": "#0"},
				"south": {"uv": [0.2, 0, 15.95, 6.375], "rotation": 90, "texture": "#0"},
				"west": {"uv": [0.2, 0, 15.95, 6.375], "rotation": 90, "texture": "#0"},
				"up": {"uv": [0.2, 0, 15.95, 6.375], "rotation": 90, "texture": "#0"},
				"down": {"uv": [0.2, 0, 15.95, 6.375], "rotation": 90, "texture": "#0"}
			}
		}
	],
	"groups": [
		{
			"name": "group",
			"origin": [8, 8, 8],
			"children": [0, 1]
		},
		{
			"name": "group",
			"origin": [8, 8, 8],
			"children": [2, 3]
		}
	]
}