{
	"credit": "Made by Endersven",
	"textures": {
		"1": "custom/cabage_leaf",
		"particle": "custom/colors/green"
	},
	"elements": [
		{
			"from": [6.77595, 2.76139, 3.33719],
			"to": [8.88797, 2.76139, 5.76699],
			"rotation": {"angle": 22.5, "axis": "x", "origin": [7.87419, 2.93035, 3.40155]},
			"faces": {
				"north": {"uv": [0.2, 0, 15.95, 6.375], "rotation": 90, "texture": "#1"},
				"east": {"uv": [0.2, 0, 15.95, 6.375], "rotation": 90, "texture": "#1"},
				"south": {"uv": [0.2, 0, 15.95, 6.375], "rotation": 90, "texture": "#1"},
				"west": {"uv": [0.2, 0, 15.95, 6.375], "rotation": 90, "texture": "#1"},
				"up": {"uv": [0.2, 0, 15.95, 6.375], "texture": "#1"},
				"down": {"uv": [0.2, 0, 15.95, 6.375], "rotation": 180, "texture": "#1"}
			}
		},
		{
			"from": [6.79157, 2.76139, 9.6808],
			"to": [8.90359, 2.76139, 12.11061],
			"rotation": {"angle": -22.5, "axis": "x", "origin": [7.80535, 2.93035, 12.04624]},
			"faces": {
				"north": {"uv": [0.2, 0, 15.95, 6.375], "rotation": 90, "texture": "#1"},
				"east": {"uv": [0.2, 0, 15.95, 6.375], "rotation": 90, "texture": "#1"},
				"south": {"uv": [0.2, 0, 15.95, 6.375], "rotation": 90, "texture": "#1"},
				"west": {"uv": [0.2, 0, 15.95, 6.375], "rotation": 90, "texture": "#1"},
				"up": {"uv": [0.2, 0, 15.95, 6.375], "rotation": 180, "texture": "#1"},
				"down": {"uv": [0.2, 0, 15.95, 6.375], "texture": "#1"}
			}
		},
		{
			"from": [10.13144, 1.90922, 6.58976],
			"to": [12.56125, 1.90922, 8.70178],
			"rotation": {"angle": 22.5, "axis": "z", "origin": [10.19133, 1.68241, 7.64577]},
			"faces": {
				"north": {"uv": [0.2, 0, 15.95, 6.375], "rotation": 90, "texture": "#1"},
				"east": {"uv": [0.2, 0, 15.95, 6.375], "rotation": 90, "texture": "#1"},
				"south": {"uv": [0.2, 0, 15.95, 6.375], "rotation": 90, "texture": "#1"},
				"west": {"uv": [0.2, 0, 15.95, 6.375], "rotation": 90, "texture": "#1"},
				"up": {"uv": [0.2, 0, 15.95, 6.375], "rotation": 90, "texture": "#1"},
				"down": {"uv": [0.2, 0, 15.95, 6.375], "rotation": 90, "texture": "#1"}
			}
		},
		{
			"from": [3.11829, 1.90922, 6.74601],
			"to": [5.5481, 1.90922, 8.85803],
			"rotation": {"angle": -22.5, "axis": "z", "origin": [5.48821, 1.68241, 7.80202]},
			"faces": {
				"north": {"uv": [0.2, 0, 15.95, 6.375], "rotation": 90, "texture": "#1"},
				"east": {"uv": [0.2, 0, 15.95, 6.375], "rotation": 90, "texture": "#1"},
				"south": {"uv": [0.2, 0, 15.95, 6.375], "rotation": 90, "texture": "#1"},
				"west": {"uv": [0.2, 0, 15.95, 6.375], "rotation": 90, "texture": "#1"},
				"up": {"uv": [0.2, 0, 15.95, 6.375], "rotation": 270, "texture": "#1"},
				"down": {"uv": [0.2, 0, 15.95, 6.375], "rotation": 270, "texture": "#1"}
			}
		},
		{
			"from": [6.77595, -0.53069, 5.11436],
			"to": [8.88797, 1.84006, 5.11436],
			"rotation": {"angle": -45, "axis": "x", "origin": [7.87419, 2.34692, 5.28332]},
			"faces": {
				"north": {"uv": [0.25, 6.25, 16, 15.975], "texture": "#1"},
				"east": {"uv": [0.25, 6.25, 16, 15.975], "texture": "#1"},
				"south": {"uv": [0.25, 6.25, 16, 15.975], "texture": "#1"},
				"west": {"uv": [0.25, 6.25, 16, 15.975], "texture": "#1"},
				"up": {"uv": [0.25, 6.25, 16, 15.975], "rotation": 270, "texture": "#1"},
				"down": {"uv": [0.25, 6.25, 16, 15.975], "rotation": 90, "texture": "#1"}
			}
		},
		{
			"from": [6.79157, -0.53069, 10.33343],
			"to": [8.90359, 1.84006, 10.33343],
			"rotation": {"angle": 45, "axis": "x", "origin": [7.80535, 2.34692, 10.16447]},
			"faces": {
				"north": {"uv": [0.25, 6.25, 16, 15.975], "texture": "#1"},
				"east": {"uv": [0.25, 6.25, 16, 15.975], "texture": "#1"},
				"south": {"uv": [0.25, 6.25, 16, 15.975], "texture": "#1"},
				"west": {"uv": [0.25, 6.25, 16, 15.975], "texture": "#1"},
				"up": {"uv": [0.25, 6.25, 16, 15.975], "rotation": 90, "texture": "#1"},
				"down": {"uv": [0.25, 6.25, 16, 15.975], "rotation": 270, "texture": "#1"}
			}
		},
		{
			"from": [9.95887, -0.65685, 6.58976],
			"to": [9.95887, 1.71389, 8.70178],
			"rotation": {"angle": -45, "axis": "z", "origin": [10.19133, 1.68241, 7.64577]},
			"faces": {
				"north": {"uv": [0.25, 6.25, 16, 15.975], "texture": "#1"},
				"east": {"uv": [0.25, 6.25, 16, 15.975], "texture": "#1"},
				"south": {"uv": [0.25, 6.25, 16, 15.975], "texture": "#1"},
				"west": {"uv": [0.25, 6.25, 16, 15.975], "texture": "#1"},
				"up": {"uv": [0.25, 6.25, 16, 15.975], "texture": "#1"},
				"down": {"uv": [0.25, 6.25, 16, 15.975], "texture": "#1"}
			}
		},
		{
			"from": [5.72066, -0.65685, 6.74601],
			"to": [5.72066, 1.71389, 8.85803],
			"rotation": {"angle": 45, "axis": "z", "origin": [5.48821, 1.68241, 7.80202]},
			"faces": {
				"north": {"uv": [0.25, 6.25, 16, 15.975], "texture": "#1"},
				"east": {"uv": [0.25, 6.25, 16, 15.975], "texture": "#1"},
				"south": {"uv": [0.25, 6.25, 16, 15.975], "texture": "#1"},
				"west": {"uv": [0.25, 6.25, 16, 15.975], "texture": "#1"},
				"up": {"uv": [0.25, 6.25, 16, 15.975], "rotation": 180, "texture": "#1"},
				"down": {"uv": [0.25, 6.25, 16, 15.975], "rotation": 180, "texture": "#1"}
			}
		}
	],
	"display": {
		"gui": {
			"rotation": [0, 147, 0],
			"translation": [0, -2.782, 0],
			"scale": [0.5, 0.5, 0.5]
		},
		"head": {
			"translation": [0, -15.43, 3.75],
			"scale": [3.36328, 3.36328, 3.36328]
		}
	}
}