{
	"credit": "Made by Endersven",
	"textures": {
		"1": "custom/cabage_leaf",
		"particle": "custom/colors/green"
	},
	"elements": [
		{
			"from": [6.6822, 1.60514, 1.52469],
			"to": [8.79422, 1.60514, 3.95449],
			"rotation": {"angle": -22.5, "axis": "x", "origin": [7.78044, 1.7741, 1.58905]},
			"faces": {
				"north": {"uv": [0.2, 0, 15.95, 6.375], "rotation": 90, "texture": "#1"},
				"east": {"uv": [0.2, 0, 15.95, 6.375], "rotation": 90, "texture": "#1"},
				"south": {"uv": [0.2, 0, 15.95, 6.375], "rotation": 90, "texture": "#1"},
				"west": {"uv": [0.2, 0, 15.95, 6.375], "rotation": 90, "texture": "#1"},
				"up": {"uv": [0.2, 0, 15.95, 6.375], "texture": "#1"},
				"down": {"uv": [0.2, 0, 15.95, 6.375], "rotation": 180, "texture": "#1"}
			}
		},
		{
			"from": [11.507, 2.75085, 6.42431],
			"to": [13.93681, 2.75085, 8.53633],
			"rotation": {"angle": -22.5, "axis": "z", "origin": [11.108, 1.76632, 7.50636]},
			"faces": {
				"north": {"uv": [0.2, 0, 15.95, 6.375], "rotation": 90, "texture": "#1"},
				"east": {"uv": [0.2, 0, 15.95, 6.375], "rotation": 90, "texture": "#1"},
				"south": {"uv": [0.2, 0, 15.95, 6.375], "rotation": 90, "texture": "#1"},
				"west": {"uv": [0.2, 0, 15.95, 6.375], "rotation": 90, "texture": "#1"},
				"up": {"uv": [0.2, 0, 15.95, 6.375], "rotation": 90, "texture": "#1"},
				"down": {"uv": [0.2, 0, 15.95, 6.375], "rotation": 90, "texture": "#1"}
			}
		},
		{
			"from": [7.09366, 2.75085, 11.34287],
			"to": [9.20567, 2.75085, 13.77267],
			"rotation": {"angle": 22.5, "axis": "x", "origin": [8.12362, 1.76632, 10.94386]},
			"faces": {
				"north": {"uv": [0.2, 0, 15.95, 6.375], "rotation": 90, "texture": "#1"},
				"east": {"uv": [0.2, 0, 15.95, 6.375], "rotation": 90, "texture": "#1"},
				"south": {"uv": [0.2, 0, 15.95, 6.375], "rotation": 90, "texture": "#1"},
				"west": {"uv": [0.2, 0, 15.95, 6.375], "rotation": 90, "texture": "#1"},
				"up": {"uv": [0.2, 0, 15.95, 6.375], "rotation": 180, "texture": "#1"},
				"down": {"uv": [0.2, 0, 15.95, 6.375], "texture": "#1"}
			}
		},
		{
			"from": [1.91981, 2.75085, 6.94515],
			"to": [4.34962, 2.75085, 9.05717],
			"rotation": {"angle": 22.5, "axis": "z", "origin": [4.74862, 1.76632, 7.97511]},
			"faces": {
				"north": {"uv": [0.2, 0, 15.95, 6.375], "rotation": 90, "texture": "#1"},
				"east": {"uv": [0.2, 0, 15.95, 6.375], "rotation": 90, "texture": "#1"},
				"south": {"uv": [0.2, 0, 15.95, 6.375], "rotation": 90, "texture": "#1"},
				"west": {"uv": [0.2, 0, 15.95, 6.375], "rotation": 90, "texture": "#1"},
				"up": {"uv": [0.2, 0, 15.95, 6.375], "rotation": 270, "texture": "#1"},
				"down": {"uv": [0.2, 0, 15.95, 6.375], "rotation": 270, "texture": "#1"}
			}
		},
		{
			"from": [6.77595, -0.53069, 5.11436],
			"to": [8.88797, 1.84006, 5.11436],
			"rotation": {"angle": -45, "axis": "x", "origin": [7.87419, 2.34692, 5.28332]},
			"faces": {
				"north": {"uv": [0.25, 6.25, 16, 15.975], "texture": "#1"},
				"east": {"uv": [0.25, 6.25, 16, 15.975], "texture": "#1"},
				"south": {"uv": [0.25, 6.25, 16, 15.975], "texture": "#1"},
				"west": {"uv": [0.25, 6.25, 16, 15.975], "texture": "#1"},
				"up": {"uv": [0.25, 6.25, 16, 15.975], "rotation": 270, "texture": "#1"},
				"down": {"uv": [0.25, 6.25, 16, 15.975], "rotation": 90, "texture": "#1"}
			}
		},
		{
			"from": [10.37226, -1.19489, 6.51806],
			"to": [10.37226, 1.17585, 8.63008],
			"rotation": {"angle": -45, "axis": "z", "origin": [11.108, 1.76632, 7.50636]},
			"faces": {
				"north": {"uv": [0.25, 6.25, 16, 15.975], "texture": "#1"},
				"east": {"uv": [0.25, 6.25, 16, 15.975], "texture": "#1"},
				"south": {"uv": [0.25, 6.25, 16, 15.975], "texture": "#1"},
				"west": {"uv": [0.25, 6.25, 16, 15.975], "texture": "#1"},
				"up": {"uv": [0.25, 6.25, 16, 15.975], "texture": "#1"},
				"down": {"uv": [0.25, 6.25, 16, 15.975], "texture": "#1"}
			}
		},
		{
			"from": [6.99991, -1.19489, 10.20813],
			"to": [9.11192, 1.17585, 10.20813],
			"rotation": {"angle": 45, "axis": "x", "origin": [8.12362, 1.76632, 10.94386]},
			"faces": {
				"north": {"uv": [0.25, 6.25, 16, 15.975], "texture": "#1"},
				"east": {"uv": [0.25, 6.25, 16, 15.975], "texture": "#1"},
				"south": {"uv": [0.25, 6.25, 16, 15.975], "texture": "#1"},
				"west": {"uv": [0.25, 6.25, 16, 15.975], "texture": "#1"},
				"up": {"uv": [0.25, 6.25, 16, 15.975], "rotation": 90, "texture": "#1"},
				"down": {"uv": [0.25, 6.25, 16, 15.975], "rotation": 270, "texture": "#1"}
			}
		},
		{
			"from": [5.48436, -1.19489, 6.8514],
			"to": [5.48436, 1.17585, 8.96342],
			"rotation": {"angle": 45, "axis": "z", "origin": [4.74862, 1.76632, 7.97511]},
			"faces": {
				"north": {"uv": [0.25, 6.25, 16, 15.975], "texture": "#1"},
				"east": {"uv": [0.25, 6.25, 16, 15.975], "texture": "#1"},
				"south": {"uv": [0.25, 6.25, 16, 15.975], "texture": "#1"},
				"west": {"uv": [0.25, 6.25, 16, 15.975], "texture": "#1"},
				"up": {"uv": [0.25, 6.25, 16, 15.975], "rotation": 180, "texture": "#1"},
				"down": {"uv": [0.25, 6.25, 16, 15.975], "rotation": 180, "texture": "#1"}
			}
		},
		{
			"from": [6.66657, 2.86546, 3.96206],
			"to": [8.77859, 2.86546, 5.78593],
			"rotation": {"angle": 22.5, "axis": "x", "origin": [7.76481, 3.03442, 3.12707]},
			"faces": {
				"north": {"uv": [0.25, 6.25, 16, 15.975], "rotation": 90, "texture": "#1"},
				"east": {"uv": [0.25, 6.25, 16, 15.975], "rotation": 90, "texture": "#1"},
				"south": {"uv": [0.25, 6.25, 16, 15.975], "rotation": 90, "texture": "#1"},
				"west": {"uv": [0.25, 6.25, 16, 15.975], "rotation": 270, "texture": "#1"},
				"up": {"uv": [0.25, 6.25, 16, 15.975], "texture": "#1"},
				"down": {"uv": [0.25, 6.25, 16, 15.975], "rotation": 180, "texture": "#1"}
			}
		},
		{
			"from": [10.2809, 2.2112, 6.40869],
			"to": [12.10477, 2.2112, 8.52071],
			"rotation": {"angle": 22.5, "axis": "z", "origin": [11.108, 1.76632, 7.50636]},
			"faces": {
				"north": {"uv": [0.25, 6.25, 16, 15.975], "rotation": 270, "texture": "#1"},
				"east": {"uv": [0.25, 6.25, 16, 15.975], "rotation": 90, "texture": "#1"},
				"south": {"uv": [0.25, 6.25, 16, 15.975], "rotation": 90, "texture": "#1"},
				"west": {"uv": [0.25, 6.25, 16, 15.975], "rotation": 90, "texture": "#1"},
				"up": {"uv": [0.25, 6.25, 16, 15.975], "rotation": 90, "texture": "#1"},
				"down": {"uv": [0.25, 6.25, 16, 15.975], "rotation": 90, "texture": "#1"}
			}
		},
		{
			"from": [7.10928, 2.2112, 10.11677],
			"to": [9.2213, 2.2112, 11.94064],
			"rotation": {"angle": -22.5, "axis": "x", "origin": [8.12362, 1.76632, 10.94386]},
			"faces": {
				"north": {"uv": [0.25, 6.25, 16, 15.975], "rotation": 90, "texture": "#1"},
				"east": {"uv": [0.25, 6.25, 16, 15.975], "rotation": 270, "texture": "#1"},
				"south": {"uv": [0.25, 6.25, 16, 15.975], "rotation": 90, "texture": "#1"},
				"west": {"uv": [0.25, 6.25, 16, 15.975], "rotation": 90, "texture": "#1"},
				"up": {"uv": [0.25, 6.25, 16, 15.975], "rotation": 180, "texture": "#1"},
				"down": {"uv": [0.25, 6.25, 16, 15.975], "texture": "#1"}
			}
		},
		{
			"from": [3.75185, 2.2112, 6.96077],
			"to": [5.57572, 2.2112, 9.07279],
			"rotation": {"angle": -22.5, "axis": "z", "origin": [4.74862, 1.76632, 7.97511]},
			"faces": {
				"north": {"uv": [0.25, 6.25, 16, 15.975], "rotation": 90, "texture": "#1"},
				"east": {"uv": [0.25, 6.25, 16, 15.975], "rotation": 90, "texture": "#1"},
				"south": {"uv": [0.25, 6.25, 16, 15.975], "rotation": 270, "texture": "#1"},
				"west": {"uv": [0.25, 6.25, 16, 15.975], "rotation": 90, "texture": "#1"},
				"up": {"uv": [0.25, 6.25, 16, 15.975], "rotation": 270, "texture": "#1"},
				"down": {"uv": [0.25, 6.25, 16, 15.975], "rotation": 270, "texture": "#1"}
			}
		}
	],
	"display": {
		"gui": {
			"rotation": [0, 147, 0],
			"translation": [0, -2.782, 0],
			"scale": [0.5, 0.5, 0.5]
		},
		"head": {
			"translation": [0, -15.43, 3.75],
			"scale": [3.36328, 3.36328, 3.36328]
		}
	}
}